-- Insert 30 student records with academic and attendance data
-- Generated from mock_students_data.csv
-- Date: 2026-01-09 19:26:06

INSERT INTO students (id, student_id, full_name, email, department, program, year_level, semester, enrollment_date, status) VALUES ('974420ed-c56a-4075-90d9-7b6e38e1a559', 'STU001', 'John Smith', 'john.smith@university.edu', 'Computer Science', 'Undergraduate', 2, 'Fall 2024', CURRENT_DATE, 'active') ON CONFLICT (student_id) DO NOTHING;
INSERT INTO academic_records (id, student_id, semester, course_code, course_name, grade, credits, gpa) VALUES ('1ebd4ac0-e127-4bf4-9b45-14edcfb9b162', '974420ed-c56a-4075-90d9-7b6e38e1a559', 'Fall 2024', 'CS201', 'Data Structures', 3.2, 3, 3.2) ON CONFLICT DO NOTHING;
INSERT INTO attendance_records (id, student_id, date, status, course_code, semester) VALUES ('ee86f7de-76b0-479a-a815-b3b3610273f1', '974420ed-c56a-4075-90d9-7b6e38e1a559', '2024-09-15', 'present', 'CS201', 'Fall 2024') ON CONFLICT DO NOTHING;
INSERT INTO students (id, student_id, full_name, email, department, program, year_level, semester, enrollment_date, status) VALUES ('d396f27c-5396-4324-a509-ab12a2c7afb2', 'STU002', 'Emily Johnson', 'emily.johnson@university.edu', 'Computer Science', 'Undergraduate', 3, 'Fall 2024', CURRENT_DATE, 'active') ON CONFLICT (student_id) DO NOTHING;
INSERT INTO academic_records (id, student_id, semester, course_code, course_name, grade, credits, gpa) VALUES ('377123ec-bb23-4a3e-abec-f361baf9876f', 'd396f27c-5396-4324-a509-ab12a2c7afb2', 'Fall 2024', 'CS301', 'Database Systems', 3.8, 3, 3.8) ON CONFLICT DO NOTHING;
INSERT INTO attendance_records (id, student_id, date, status, course_code, semester) VALUES ('18303fbc-6d30-416f-8c83-97823e57ddf9', 'd396f27c-5396-4324-a509-ab12a2c7afb2', '2024-09-15', 'present', 'CS301', 'Fall 2024') ON CONFLICT DO NOTHING;
INSERT INTO students (id, student_id, full_name, email, department, program, year_level, semester, enrollment_date, status) VALUES ('544b3ca8-f13c-4fda-bc1c-213dfb282ec3', 'STU003', 'Michael Brown', 'michael.brown@university.edu', 'Mathematics', 'Undergraduate', 1, 'Fall 2024', CURRENT_DATE, 'active') ON CONFLICT (student_id) DO NOTHING;
INSERT INTO academic_records (id, student_id, semester, course_code, course_name, grade, credits, gpa) VALUES ('100314ad-1100-483f-86da-d703e3610b6b', '544b3ca8-f13c-4fda-bc1c-213dfb282ec3', 'Fall 2024', 'MATH101', 'Calculus I', 2.1, 4, 2.1) ON CONFLICT DO NOTHING;
INSERT INTO attendance_records (id, student_id, date, status, course_code, semester) VALUES ('d5ab52f3-90ea-45b5-a2c3-1c38891d1138', '544b3ca8-f13c-4fda-bc1c-213dfb282ec3', '2024-09-15', 'absent', 'MATH101', 'Fall 2024') ON CONFLICT DO NOTHING;
INSERT INTO students (id, student_id, full_name, email, department, program, year_level, semester, enrollment_date, status) VALUES ('423e966f-780a-408b-bbd2-cc6c0401cf78', 'STU004', 'Sarah Davis', 'sarah.davis@university.edu', 'Engineering', 'Undergraduate', 4, 'Fall 2024', CURRENT_DATE, 'active') ON CONFLICT (student_id) DO NOTHING;
INSERT INTO academic_records (id, student_id, semester, course_code, course_name, grade, credits, gpa) VALUES ('a92ec198-a62e-4e50-a765-767bcd8bc53f', '423e966f-780a-408b-bbd2-cc6c0401cf78', 'Fall 2024', 'ENG401', 'Advanced Engineering', 3.6, 3, 3.6) ON CONFLICT DO NOTHING;
INSERT INTO attendance_records (id, student_id, date, status, course_code, semester) VALUES ('f5a2301b-4077-4cae-aa16-f27146daf29e', '423e966f-780a-408b-bbd2-cc6c0401cf78', '2024-09-15', 'present', 'ENG401', 'Fall 2024') ON CONFLICT DO NOTHING;
INSERT INTO students (id, student_id, full_name, email, department, program, year_level, semester, enrollment_date, status) VALUES ('bc6bd4e6-2e64-425a-92f0-11ac6855fc39', 'STU005', 'David Wilson', 'david.wilson@university.edu', 'Business', 'Undergraduate', 2, 'Fall 2024', CURRENT_DATE, 'active') ON CONFLICT (student_id) DO NOTHING;
INSERT INTO academic_records (id, student_id, semester, course_code, course_name, grade, credits, gpa) VALUES ('6ae94967-8f85-46cb-b174-f8f1072bf5af', 'bc6bd4e6-2e64-425a-92f0-11ac6855fc39', 'Fall 2024', 'BUS201', 'Accounting Principles', 2.9, 3, 2.9) ON CONFLICT DO NOTHING;
INSERT INTO attendance_records (id, student_id, date, status, course_code, semester) VALUES ('9025a2c2-3095-45e6-aaf1-6abaa5a4e12a', 'bc6bd4e6-2e64-425a-92f0-11ac6855fc39', '2024-09-15', 'late', 'BUS201', 'Fall 2024') ON CONFLICT DO NOTHING;
INSERT INTO students (id, student_id, full_name, email, department, program, year_level, semester, enrollment_date, status) VALUES ('7581feb2-c6da-43c0-b3d2-c89f85cc74f5', 'STU006', 'Jessica Martinez', 'jessica.martinez@university.edu', 'Psychology', 'Undergraduate', 3, 'Fall 2024', CURRENT_DATE, 'active') ON CONFLICT (student_id) DO NOTHING;
INSERT INTO academic_records (id, student_id, semester, course_code, course_name, grade, credits, gpa) VALUES ('f858c6bb-7e81-486e-ad98-c4d59ac0866f', '7581feb2-c6da-43c0-b3d2-c89f85cc74f5', 'Fall 2024', 'PSY301', 'Abnormal Psychology', 3.7, 3, 3.7) ON CONFLICT DO NOTHING;
INSERT INTO attendance_records (id, student_id, date, status, course_code, semester) VALUES ('1e97c268-a193-4679-b8d5-a680cdf85044', '7581feb2-c6da-43c0-b3d2-c89f85cc74f5', '2024-09-15', 'present', 'PSY301', 'Fall 2024') ON CONFLICT DO NOTHING;
INSERT INTO students (id, student_id, full_name, email, department, program, year_level, semester, enrollment_date, status) VALUES ('81d5ad55-3269-4b6a-ba58-b977664c84dd', 'STU007', 'Christopher Lee', 'christopher.lee@university.edu', 'Computer Science', 'Undergraduate', 1, 'Fall 2024', CURRENT_DATE, 'active') ON CONFLICT (student_id) DO NOTHING;
INSERT INTO academic_records (id, student_id, semester, course_code, course_name, grade, credits, gpa) VALUES ('73ca1bbb-406c-485a-b55c-6c55ed08e13a', '81d5ad55-3269-4b6a-ba58-b977664c84dd', 'Fall 2024', 'CS101', 'Introduction to Programming', 1.8, 3, 1.8) ON CONFLICT DO NOTHING;
INSERT INTO attendance_records (id, student_id, date, status, course_code, semester) VALUES ('7ea6322d-4169-4233-8b99-4c2ae2b494ce', '81d5ad55-3269-4b6a-ba58-b977664c84dd', '2024-09-15', 'absent', 'CS101', 'Fall 2024') ON CONFLICT DO NOTHING;
INSERT INTO students (id, student_id, full_name, email, department, program, year_level, semester, enrollment_date, status) VALUES ('c74035d2-d8cc-4055-9825-4bad69255cfc', 'STU008', 'Amanda Taylor', 'amanda.taylor@university.edu', 'Biology', 'Undergraduate', 2, 'Fall 2024', CURRENT_DATE, 'active') ON CONFLICT (student_id) DO NOTHING;
INSERT INTO academic_records (id, student_id, semester, course_code, course_name, grade, credits, gpa) VALUES ('c0adc2d4-6bbe-4aa3-ba3c-379ba00e8cb2', 'c74035d2-d8cc-4055-9825-4bad69255cfc', 'Fall 2024', 'BIO201', 'Cell Biology', 3.3, 4, 3.3) ON CONFLICT DO NOTHING;
INSERT INTO attendance_records (id, student_id, date, status, course_code, semester) VALUES ('5d2b7812-237c-4956-9617-2e31beb370fe', 'c74035d2-d8cc-4055-9825-4bad69255cfc', '2024-09-15', 'present', 'BIO201', 'Fall 2024') ON CONFLICT DO NOTHING;
INSERT INTO students (id, student_id, full_name, email, department, program, year_level, semester, enrollment_date, status) VALUES ('d9f4f0f4-04b8-4bf1-a93a-8c11dc1c0074', 'STU009', 'James Anderson', 'james.anderson@university.edu', 'Engineering', 'Undergraduate', 3, 'Fall 2024', CURRENT_DATE, 'active') ON CONFLICT (student_id) DO NOTHING;
INSERT INTO academic_records (id, student_id, semester, course_code, course_name, grade, credits, gpa) VALUES ('64a02a18-6aa1-4c03-91e5-a66c3fe4669a', 'd9f4f0f4-04b8-4bf1-a93a-8c11dc1c0074', 'Fall 2024', 'ENG301', 'Mechanics', 3.4, 4, 3.4) ON CONFLICT DO NOTHING;
INSERT INTO attendance_records (id, student_id, date, status, course_code, semester) VALUES ('95fcd951-633c-4eeb-aec0-67117edd1e11', 'd9f4f0f4-04b8-4bf1-a93a-8c11dc1c0074', '2024-09-15', 'present', 'ENG301', 'Fall 2024') ON CONFLICT DO NOTHING;
INSERT INTO students (id, student_id, full_name, email, department, program, year_level, semester, enrollment_date, status) VALUES ('c74ee26f-a0a1-4f0a-9e66-3bb5b7b7d668', 'STU010', 'Lisa Thomas', 'lisa.thomas@university.edu', 'Business', 'Undergraduate', 1, 'Fall 2024', CURRENT_DATE, 'active') ON CONFLICT (student_id) DO NOTHING;
INSERT INTO academic_records (id, student_id, semester, course_code, course_name, grade, credits, gpa) VALUES ('2ffb6491-a962-4d3f-bf79-84c06354552a', 'c74ee26f-a0a1-4f0a-9e66-3bb5b7b7d668', 'Fall 2024', 'BUS101', 'Introduction to Business', 2.2, 3, 2.2) ON CONFLICT DO NOTHING;
INSERT INTO attendance_records (id, student_id, date, status, course_code, semester) VALUES ('d38518cd-49b3-453b-85b1-14910afbc6c6', 'c74ee26f-a0a1-4f0a-9e66-3bb5b7b7d668', '2024-09-15', 'absent', 'BUS101', 'Fall 2024') ON CONFLICT DO NOTHING;
INSERT INTO students (id, student_id, full_name, email, department, program, year_level, semester, enrollment_date, status) VALUES ('d4387737-a4a1-4e37-b80f-77f88bd91eb2', 'STU011', 'Robert Jackson', 'robert.jackson@university.edu', 'Computer Science', 'Undergraduate', 4, 'Fall 2024', CURRENT_DATE, 'active') ON CONFLICT (student_id) DO NOTHING;
INSERT INTO academic_records (id, student_id, semester, course_code, course_name, grade, credits, gpa) VALUES ('79623ddc-12c9-4f65-8d0b-d435199a88e9', 'd4387737-a4a1-4e37-b80f-77f88bd91eb2', 'Fall 2024', 'CS401', 'Artificial Intelligence', 3.9, 3, 3.9) ON CONFLICT DO NOTHING;
INSERT INTO attendance_records (id, student_id, date, status, course_code, semester) VALUES ('ae12ba53-a6a1-471f-b086-c4d41ba32fa4', 'd4387737-a4a1-4e37-b80f-77f88bd91eb2', '2024-09-15', 'present', 'CS401', 'Fall 2024') ON CONFLICT DO NOTHING;
INSERT INTO students (id, student_id, full_name, email, department, program, year_level, semester, enrollment_date, status) VALUES ('93806348-ac2a-412c-8f94-15a2db86b9b2', 'STU012', 'Michelle White', 'michelle.white@university.edu', 'Psychology', 'Undergraduate', 2, 'Fall 2024', CURRENT_DATE, 'active') ON CONFLICT (student_id) DO NOTHING;
INSERT INTO academic_records (id, student_id, semester, course_code, course_name, grade, credits, gpa) VALUES ('681b338e-1ece-46e8-b8bf-a55e647ae0e1', '93806348-ac2a-412c-8f94-15a2db86b9b2', 'Fall 2024', 'PSY201', 'Developmental Psychology', 3.2, 3, 3.2) ON CONFLICT DO NOTHING;
INSERT INTO attendance_records (id, student_id, date, status, course_code, semester) VALUES ('2ae6f711-52b6-4ce7-af71-fb2ef23cd2b5', '93806348-ac2a-412c-8f94-15a2db86b9b2', '2024-09-15', 'present', 'PSY201', 'Fall 2024') ON CONFLICT DO NOTHING;
INSERT INTO students (id, student_id, full_name, email, department, program, year_level, semester, enrollment_date, status) VALUES ('f8c32e0d-be52-4c2f-bdee-3b19e83854c0', 'STU013', 'Daniel Harris', 'daniel.harris@university.edu', 'Mathematics', 'Undergraduate', 3, 'Fall 2024', CURRENT_DATE, 'active') ON CONFLICT (student_id) DO NOTHING;
INSERT INTO academic_records (id, student_id, semester, course_code, course_name, grade, credits, gpa) VALUES ('73a5e3fe-0777-4154-abbc-423051ad3c28', 'f8c32e0d-be52-4c2f-bdee-3b19e83854c0', 'Fall 2024', 'MATH301', 'Linear Algebra', 2.8, 3, 2.8) ON CONFLICT DO NOTHING;
INSERT INTO attendance_records (id, student_id, date, status, course_code, semester) VALUES ('4d4be391-d721-461a-a411-1937f9152ee9', 'f8c32e0d-be52-4c2f-bdee-3b19e83854c0', '2024-09-15', 'late', 'MATH301', 'Fall 2024') ON CONFLICT DO NOTHING;
INSERT INTO students (id, student_id, full_name, email, department, program, year_level, semester, enrollment_date, status) VALUES ('a7b401e1-47b2-4d53-9ffc-7e8f42fb8dd1', 'STU014', 'Jennifer Martin', 'jennifer.martin@university.edu', 'Biology', 'Undergraduate', 1, 'Fall 2024', CURRENT_DATE, 'active') ON CONFLICT (student_id) DO NOTHING;
INSERT INTO academic_records (id, student_id, semester, course_code, course_name, grade, credits, gpa) VALUES ('0763082f-ab28-4b72-a51d-94ceb153d707', 'a7b401e1-47b2-4d53-9ffc-7e8f42fb8dd1', 'Fall 2024', 'BIO101', 'Introduction to Biology', 1.9, 4, 1.9) ON CONFLICT DO NOTHING;
INSERT INTO attendance_records (id, student_id, date, status, course_code, semester) VALUES ('c8a569b0-f65a-4ae9-bf24-8ec824dc6c51', 'a7b401e1-47b2-4d53-9ffc-7e8f42fb8dd1', '2024-09-15', 'absent', 'BIO101', 'Fall 2024') ON CONFLICT DO NOTHING;
INSERT INTO students (id, student_id, full_name, email, department, program, year_level, semester, enrollment_date, status) VALUES ('ac2b53f9-3a60-4309-aa86-37af98c32f51', 'STU015', 'William Thompson', 'william.thompson@university.edu', 'Engineering', 'Undergraduate', 2, 'Fall 2024', CURRENT_DATE, 'active') ON CONFLICT (student_id) DO NOTHING;
INSERT INTO academic_records (id, student_id, semester, course_code, course_name, grade, credits, gpa) VALUES ('267362b6-7a90-4854-a8a1-5ea804a259fc', 'ac2b53f9-3a60-4309-aa86-37af98c32f51', 'Fall 2024', 'ENG201', 'Statics', 3.1, 4, 3.1) ON CONFLICT DO NOTHING;
INSERT INTO attendance_records (id, student_id, date, status, course_code, semester) VALUES ('6d9331b0-cb7f-45b6-b11c-c86cb0ca46f4', 'ac2b53f9-3a60-4309-aa86-37af98c32f51', '2024-09-15', 'present', 'ENG201', 'Fall 2024') ON CONFLICT DO NOTHING;
INSERT INTO students (id, student_id, full_name, email, department, program, year_level, semester, enrollment_date, status) VALUES ('2355eba7-134b-4dcf-90b5-8318620a492f', 'STU016', 'Patricia Garcia', 'patricia.garcia@university.edu', 'Business', 'Undergraduate', 3, 'Fall 2024', CURRENT_DATE, 'active') ON CONFLICT (student_id) DO NOTHING;
INSERT INTO academic_records (id, student_id, semester, course_code, course_name, grade, credits, gpa) VALUES ('7c691b32-a1db-4c47-91b8-0f7355790d62', '2355eba7-134b-4dcf-90b5-8318620a492f', 'Fall 2024', 'BUS301', 'Financial Management', 3.5, 3, 3.5) ON CONFLICT DO NOTHING;
INSERT INTO attendance_records (id, student_id, date, status, course_code, semester) VALUES ('f3910f1e-2ddf-43c1-99cc-6c70834beeb2', '2355eba7-134b-4dcf-90b5-8318620a492f', '2024-09-15', 'present', 'BUS301', 'Fall 2024') ON CONFLICT DO NOTHING;
INSERT INTO students (id, student_id, full_name, email, department, program, year_level, semester, enrollment_date, status) VALUES ('62cfc720-d497-4330-b324-d197f262aba8', 'STU017', 'Richard Martinez', 'richard.martinez@university.edu', 'Computer Science', 'Undergraduate', 1, 'Fall 2024', CURRENT_DATE, 'active') ON CONFLICT (student_id) DO NOTHING;
INSERT INTO academic_records (id, student_id, semester, course_code, course_name, grade, credits, gpa) VALUES ('b1b42394-be5a-41c4-856e-34b722f1cc40', '62cfc720-d497-4330-b324-d197f262aba8', 'Fall 2024', 'CS101', 'Introduction to Programming', 2.3, 3, 2.3) ON CONFLICT DO NOTHING;
INSERT INTO attendance_records (id, student_id, date, status, course_code, semester) VALUES ('65b8b9b8-2b41-47d6-bfcd-a5ed14755430', '62cfc720-d497-4330-b324-d197f262aba8', '2024-09-15', 'late', 'CS101', 'Fall 2024') ON CONFLICT DO NOTHING;
INSERT INTO students (id, student_id, full_name, email, department, program, year_level, semester, enrollment_date, status) VALUES ('63a36591-12f3-4a46-8b09-a5a2fb17e92e', 'STU018', 'Elizabeth Robinson', 'elizabeth.robinson@university.edu', 'Psychology', 'Undergraduate', 4, 'Fall 2024', CURRENT_DATE, 'active') ON CONFLICT (student_id) DO NOTHING;
INSERT INTO academic_records (id, student_id, semester, course_code, course_name, grade, credits, gpa) VALUES ('7a3c0703-0f6e-45de-a444-b8ab188941ce', '63a36591-12f3-4a46-8b09-a5a2fb17e92e', 'Fall 2024', 'PSY401', 'Clinical Psychology', 3.8, 3, 3.8) ON CONFLICT DO NOTHING;
INSERT INTO attendance_records (id, student_id, date, status, course_code, semester) VALUES ('8855f930-d1c5-4aa1-91ec-43f21d81724b', '63a36591-12f3-4a46-8b09-a5a2fb17e92e', '2024-09-15', 'present', 'PSY401', 'Fall 2024') ON CONFLICT DO NOTHING;
INSERT INTO students (id, student_id, full_name, email, department, program, year_level, semester, enrollment_date, status) VALUES ('afcc4b23-d9f3-4ad1-8239-cb42fd7da022', 'STU019', 'Joseph Clark', 'joseph.clark@university.edu', 'Mathematics', 'Undergraduate', 2, 'Fall 2024', CURRENT_DATE, 'active') ON CONFLICT (student_id) DO NOTHING;
INSERT INTO academic_records (id, student_id, semester, course_code, course_name, grade, credits, gpa) VALUES ('a42ddaaa-5a58-4b1b-a662-e363d243e7cf', 'afcc4b23-d9f3-4ad1-8239-cb42fd7da022', 'Fall 2024', 'MATH201', 'Calculus II', 2.4, 4, 2.4) ON CONFLICT DO NOTHING;
INSERT INTO attendance_records (id, student_id, date, status, course_code, semester) VALUES ('17a619f9-f32e-4cfc-ae2d-d9324795363a', 'afcc4b23-d9f3-4ad1-8239-cb42fd7da022', '2024-09-15', 'absent', 'MATH201', 'Fall 2024') ON CONFLICT DO NOTHING;
INSERT INTO students (id, student_id, full_name, email, department, program, year_level, semester, enrollment_date, status) VALUES ('4d5d203c-77b3-4539-9e7e-b18155fe335e', 'STU020', 'Mary Rodriguez', 'mary.rodriguez@university.edu', 'Biology', 'Undergraduate', 3, 'Fall 2024', CURRENT_DATE, 'active') ON CONFLICT (student_id) DO NOTHING;
INSERT INTO academic_records (id, student_id, semester, course_code, course_name, grade, credits, gpa) VALUES ('ca06d8b9-871a-40f6-ae49-7d3acac06e0a', '4d5d203c-77b3-4539-9e7e-b18155fe335e', 'Fall 2024', 'BIO301', 'Microbiology', 3.4, 4, 3.4) ON CONFLICT DO NOTHING;
INSERT INTO attendance_records (id, student_id, date, status, course_code, semester) VALUES ('c8ff0bb8-5d30-4d36-8dcd-80905fddd8ec', '4d5d203c-77b3-4539-9e7e-b18155fe335e', '2024-09-15', 'present', 'BIO301', 'Fall 2024') ON CONFLICT DO NOTHING;
INSERT INTO students (id, student_id, full_name, email, department, program, year_level, semester, enrollment_date, status) VALUES ('3482fc3a-96a0-4fb1-8b0b-ea4fc1861315', 'STU021', 'Charles Lewis', 'charles.lewis@university.edu', 'Engineering', 'Undergraduate', 1, 'Fall 2024', CURRENT_DATE, 'active') ON CONFLICT (student_id) DO NOTHING;
INSERT INTO academic_records (id, student_id, semester, course_code, course_name, grade, credits, gpa) VALUES ('ae7e9b04-43d0-4997-98af-bfc38fb35ba1', '3482fc3a-96a0-4fb1-8b0b-ea4fc1861315', 'Fall 2024', 'ENG101', 'Introduction to Engineering', 1.7, 3, 1.7) ON CONFLICT DO NOTHING;
INSERT INTO attendance_records (id, student_id, date, status, course_code, semester) VALUES ('f90f0d6a-4d2c-4c3c-b4d9-743d85bf134d', '3482fc3a-96a0-4fb1-8b0b-ea4fc1861315', '2024-09-15', 'absent', 'ENG101', 'Fall 2024') ON CONFLICT DO NOTHING;
INSERT INTO students (id, student_id, full_name, email, department, program, year_level, semester, enrollment_date, status) VALUES ('b6b4cd34-0c6b-41f9-b5f7-e2ba795ab9c4', 'STU022', 'Nancy Walker', 'nancy.walker@university.edu', 'Business', 'Undergraduate', 4, 'Fall 2024', CURRENT_DATE, 'active') ON CONFLICT (student_id) DO NOTHING;
INSERT INTO academic_records (id, student_id, semester, course_code, course_name, grade, credits, gpa) VALUES ('7717d592-49cb-49cc-baa9-0f3d6864fae7', 'b6b4cd34-0c6b-41f9-b5f7-e2ba795ab9c4', 'Fall 2024', 'BUS401', 'Strategic Management', 3.7, 3, 3.7) ON CONFLICT DO NOTHING;
INSERT INTO attendance_records (id, student_id, date, status, course_code, semester) VALUES ('92fce10b-99f4-4351-9639-d523b68257f9', 'b6b4cd34-0c6b-41f9-b5f7-e2ba795ab9c4', '2024-09-15', 'present', 'BUS401', 'Fall 2024') ON CONFLICT DO NOTHING;
INSERT INTO students (id, student_id, full_name, email, department, program, year_level, semester, enrollment_date, status) VALUES ('c829ff1b-92e2-4b7c-85d7-8469ed95e008', 'STU023', 'Thomas Hall', 'thomas.hall@university.edu', 'Computer Science', 'Undergraduate', 2, 'Fall 2024', CURRENT_DATE, 'active') ON CONFLICT (student_id) DO NOTHING;
INSERT INTO academic_records (id, student_id, semester, course_code, course_name, grade, credits, gpa) VALUES ('fe3720ce-f915-42a2-9fdd-2e542b17e7ae', 'c829ff1b-92e2-4b7c-85d7-8469ed95e008', 'Fall 2024', 'CS201', 'Data Structures', 2.6, 3, 2.6) ON CONFLICT DO NOTHING;
INSERT INTO attendance_records (id, student_id, date, status, course_code, semester) VALUES ('69c768d1-c2f7-468b-9da3-978b653645ab', 'c829ff1b-92e2-4b7c-85d7-8469ed95e008', '2024-09-15', 'late', 'CS201', 'Fall 2024') ON CONFLICT DO NOTHING;
INSERT INTO students (id, student_id, full_name, email, department, program, year_level, semester, enrollment_date, status) VALUES ('4a2cb061-3882-4fdf-9abf-2b7e23d1f43c', 'STU024', 'Karen Allen', 'karen.allen@university.edu', 'Psychology', 'Undergraduate', 1, 'Fall 2024', CURRENT_DATE, 'active') ON CONFLICT (student_id) DO NOTHING;
INSERT INTO academic_records (id, student_id, semester, course_code, course_name, grade, credits, gpa) VALUES ('ecff828e-5581-44e3-aa03-abf905893367', '4a2cb061-3882-4fdf-9abf-2b7e23d1f43c', 'Fall 2024', 'PSY101', 'Introduction to Psychology', 2.1, 3, 2.1) ON CONFLICT DO NOTHING;
INSERT INTO attendance_records (id, student_id, date, status, course_code, semester) VALUES ('b752d6ab-e0a8-4fa4-bdfc-6d22b4ac93b4', '4a2cb061-3882-4fdf-9abf-2b7e23d1f43c', '2024-09-15', 'absent', 'PSY101', 'Fall 2024') ON CONFLICT DO NOTHING;
INSERT INTO students (id, student_id, full_name, email, department, program, year_level, semester, enrollment_date, status) VALUES ('4da90ba9-e5b9-4c96-b93d-8736542d53b6', 'STU025', 'Steven Young', 'steven.young@university.edu', 'Mathematics', 'Undergraduate', 3, 'Fall 2024', CURRENT_DATE, 'active') ON CONFLICT (student_id) DO NOTHING;
INSERT INTO academic_records (id, student_id, semester, course_code, course_name, grade, credits, gpa) VALUES ('e0db4946-3a54-4226-8de4-03f55eab3fb3', '4da90ba9-e5b9-4c96-b93d-8736542d53b6', 'Fall 2024', 'MATH301', 'Linear Algebra', 3.3, 3, 3.3) ON CONFLICT DO NOTHING;
INSERT INTO attendance_records (id, student_id, date, status, course_code, semester) VALUES ('3f89b438-5a21-41ed-937f-9d74b555a292', '4da90ba9-e5b9-4c96-b93d-8736542d53b6', '2024-09-15', 'present', 'MATH301', 'Fall 2024') ON CONFLICT DO NOTHING;
INSERT INTO students (id, student_id, full_name, email, department, program, year_level, semester, enrollment_date, status) VALUES ('66cd54eb-76bb-478b-ac60-327a1cd97c19', 'STU026', 'Betty King', 'betty.king@university.edu', 'Biology', 'Undergraduate', 2, 'Fall 2024', CURRENT_DATE, 'active') ON CONFLICT (student_id) DO NOTHING;
INSERT INTO academic_records (id, student_id, semester, course_code, course_name, grade, credits, gpa) VALUES ('7af15d58-6126-438f-af6e-76bcd33c77b1', '66cd54eb-76bb-478b-ac60-327a1cd97c19', 'Fall 2024', 'BIO201', 'Cell Biology', 2.8, 4, 2.8) ON CONFLICT DO NOTHING;
INSERT INTO attendance_records (id, student_id, date, status, course_code, semester) VALUES ('3655f7ae-022f-4aef-bb78-a08546053a69', '66cd54eb-76bb-478b-ac60-327a1cd97c19', '2024-09-15', 'late', 'BIO201', 'Fall 2024') ON CONFLICT DO NOTHING;
INSERT INTO students (id, student_id, full_name, email, department, program, year_level, semester, enrollment_date, status) VALUES ('b866df09-dbb4-4152-8481-d203c328f14b', 'STU027', 'Edward Wright', 'edward.wright@university.edu', 'Engineering', 'Undergraduate', 4, 'Fall 2024', CURRENT_DATE, 'active') ON CONFLICT (student_id) DO NOTHING;
INSERT INTO academic_records (id, student_id, semester, course_code, course_name, grade, credits, gpa) VALUES ('205edb71-ad61-4f85-ae16-d5c0b9df9b77', 'b866df09-dbb4-4152-8481-d203c328f14b', 'Fall 2024', 'ENG401', 'Advanced Engineering', 3.5, 3, 3.5) ON CONFLICT DO NOTHING;
INSERT INTO attendance_records (id, student_id, date, status, course_code, semester) VALUES ('967c0742-643d-4f06-8893-b870d512205f', 'b866df09-dbb4-4152-8481-d203c328f14b', '2024-09-15', 'present', 'ENG401', 'Fall 2024') ON CONFLICT DO NOTHING;
INSERT INTO students (id, student_id, full_name, email, department, program, year_level, semester, enrollment_date, status) VALUES ('25a42c59-fa74-4918-a87d-5e1e0d2ae45b', 'STU028', 'Sandra Lopez', 'sandra.lopez@university.edu', 'Business', 'Undergraduate', 1, 'Fall 2024', CURRENT_DATE, 'active') ON CONFLICT (student_id) DO NOTHING;
INSERT INTO academic_records (id, student_id, semester, course_code, course_name, grade, credits, gpa) VALUES ('c21916e6-9151-4ac6-9ab3-65ab4eb515f2', '25a42c59-fa74-4918-a87d-5e1e0d2ae45b', 'Fall 2024', 'BUS101', 'Introduction to Business', 1.8, 3, 1.8) ON CONFLICT DO NOTHING;
INSERT INTO attendance_records (id, student_id, date, status, course_code, semester) VALUES ('38198c4f-db2f-441e-9c7a-38cc3700217a', '25a42c59-fa74-4918-a87d-5e1e0d2ae45b', '2024-09-15', 'absent', 'BUS101', 'Fall 2024') ON CONFLICT DO NOTHING;
INSERT INTO students (id, student_id, full_name, email, department, program, year_level, semester, enrollment_date, status) VALUES ('868eebc4-b331-4790-b051-2f8c11c88795', 'STU029', 'Kenneth Hill', 'kenneth.hill@university.edu', 'Computer Science', 'Undergraduate', 3, 'Fall 2024', CURRENT_DATE, 'active') ON CONFLICT (student_id) DO NOTHING;
INSERT INTO academic_records (id, student_id, semester, course_code, course_name, grade, credits, gpa) VALUES ('bf5f9700-762a-4ed6-8bff-779548949055', '868eebc4-b331-4790-b051-2f8c11c88795', 'Fall 2024', 'CS301', 'Database Systems', 3.6, 3, 3.6) ON CONFLICT DO NOTHING;
INSERT INTO attendance_records (id, student_id, date, status, course_code, semester) VALUES ('666e36ee-b22d-4977-8901-8af9a06b0a83', '868eebc4-b331-4790-b051-2f8c11c88795', '2024-09-15', 'present', 'CS301', 'Fall 2024') ON CONFLICT DO NOTHING;
INSERT INTO students (id, student_id, full_name, email, department, program, year_level, semester, enrollment_date, status) VALUES ('b5b6500f-2810-4a8d-a4b6-0ffbd4bcc088', 'STU030', 'Donna Scott', 'donna.scott@university.edu', 'Psychology', 'Undergraduate', 2, 'Fall 2024', CURRENT_DATE, 'active') ON CONFLICT (student_id) DO NOTHING;
INSERT INTO academic_records (id, student_id, semester, course_code, course_name, grade, credits, gpa) VALUES ('4196f2e9-caf7-46cd-9a45-d7125124d837', 'b5b6500f-2810-4a8d-a4b6-0ffbd4bcc088', 'Fall 2024', 'PSY201', 'Developmental Psychology', 2.9, 3, 2.9) ON CONFLICT DO NOTHING;
INSERT INTO attendance_records (id, student_id, date, status, course_code, semester) VALUES ('07152c2e-9b35-44f7-b83f-16db3e1f09c4', 'b5b6500f-2810-4a8d-a4b6-0ffbd4bcc088', '2024-09-15', 'late', 'PSY201', 'Fall 2024') ON CONFLICT DO NOTHING;